{
  "model": "Qwen/Qwen2.5-Omni-7B",
  "model_alias": "qwen25_omni7b",
  "dataset": "IEMOCAP",
  "modalities": [
    "audio",
    "video"
  ],
  "frame_sample_fps": 1.0,
  "speaker_mode": "none",
  "labels": [
    "Neutral",
    "Anger",
    "Frustration",
    "Happiness",
    "Excited",
    "Sadness",
    "Fear"
  ],
  "skipped_failed": 50,
  "overall": {
    "overall_accuracy": 0.42953431372549017,
    "weighted_f1": 0.37457187207980586,
    "per_emotion": {
      "Neutral": {
        "precision": 0.42073170731707316,
        "recall": 0.71875,
        "f1": 0.5307692307692308,
        "accuracy": 0.7009803921568627,
        "support": 384
      },
      "Anger": {
        "precision": 0.4103585657370518,
        "recall": 0.6058823529411764,
        "f1": 0.48931116389548696,
        "accuracy": 0.8682598039215687,
        "support": 170
      },
      "Frustration": {
        "precision": 0.6086956521739131,
        "recall": 0.14698162729658792,
        "f1": 0.2367864693446089,
        "accuracy": 0.7787990196078431,
        "support": 381
      },
      "Happiness": {
        "precision": 0.31343283582089554,
        "recall": 0.8811188811188811,
        "f1": 0.4623853211009175,
        "accuracy": 0.8204656862745098,
        "support": 143
      },
      "Excited": {
        "precision": 0.782608695652174,
        "recall": 0.06020066889632107,
        "f1": 0.11180124223602485,
        "accuracy": 0.8247549019607843,
        "support": 299
      },
      "Sadness": {
        "precision": 0.6030150753768844,
        "recall": 0.4897959183673469,
        "f1": 0.5405405405405405,
        "accuracy": 0.875,
        "support": 245
      },
      "Fear": {
        "precision": 0.2222222222222222,
        "recall": 0.2,
        "f1": 0.2105263157894737,
        "accuracy": 0.9908088235294118,
        "support": 10
      }
    },
    "total_samples": 1632
  },
  "by_gender": {
    "male": {
      "overall_accuracy": 0.3768613974799542,
      "weighted_f1": 0.3118507213169665,
      "per_emotion": {
        "Neutral": {
          "precision": 0.3526170798898072,
          "recall": 0.7852760736196319,
          "f1": 0.48669201520912553,
          "accuracy": 0.6907216494845361,
          "support": 163
        },
        "Anger": {
          "precision": 0.4076923076923077,
          "recall": 0.5760869565217391,
          "f1": 0.4774774774774775,
          "accuracy": 0.8671248568155785,
          "support": 92
        },
        "Frustration": {
          "precision": 0.5813953488372093,
          "recall": 0.11363636363636363,
          "f1": 0.19011406844106463,
          "accuracy": 0.7560137457044673,
          "support": 220
        },
        "Happiness": {
          "precision": 0.2545454545454545,
          "recall": 0.8484848484848485,
          "f1": 0.39160839160839156,
          "accuracy": 0.8006872852233677,
          "support": 66
        },
        "Excited": {
          "precision": 0.75,
          "recall": 0.055299539170506916,
          "f1": 0.10300429184549356,
          "accuracy": 0.7605956471935853,
          "support": 217
        },
        "Sadness": {
          "precision": 0.5625,
          "recall": 0.4778761061946903,
          "f1": 0.5167464114832535,
          "accuracy": 0.8843069873997709,
          "support": 113
        },
        "Fear": {
          "precision": 0.2,
          "recall": 0.5,
          "f1": 0.28571428571428575,
          "accuracy": 0.9942726231386025,
          "support": 2
        }
      },
      "total_samples": 873
    },
    "female": {
      "overall_accuracy": 0.4901185770750988,
      "weighted_f1": 0.4507952718108075,
      "per_emotion": {
        "Neutral": {
          "precision": 0.5051194539249146,
          "recall": 0.669683257918552,
          "f1": 0.575875486381323,
          "accuracy": 0.7127799736495388,
          "support": 221
        },
        "Anger": {
          "precision": 0.4132231404958678,
          "recall": 0.6410256410256411,
          "f1": 0.5025125628140703,
          "accuracy": 0.8695652173913043,
          "support": 78
        },
        "Frustration": {
          "precision": 0.6326530612244898,
          "recall": 0.19254658385093168,
          "f1": 0.29523809523809524,
          "accuracy": 0.8050065876152833,
          "support": 161
        },
        "Happiness": {
          "precision": 0.38461538461538464,
          "recall": 0.9090909090909091,
          "f1": 0.5405405405405405,
          "accuracy": 0.8432147562582345,
          "support": 77
        },
        "Excited": {
          "precision": 0.8571428571428571,
          "recall": 0.07317073170731707,
          "f1": 0.1348314606741573,
          "accuracy": 0.8985507246376812,
          "support": 82
        },
        "Sadness": {
          "precision": 0.6407766990291263,
          "recall": 0.5,
          "f1": 0.5617021276595744,
          "accuracy": 0.8642951251646904,
          "support": 132
        },
        "Fear": {
          "precision": 0.25,
          "recall": 0.125,
          "f1": 0.16666666666666666,
          "accuracy": 0.9868247694334651,
          "support": 8
        }
      },
      "total_samples": 759
    }
  }
}