token_index,token,saliency,in_prompt,is_gender_lexicon
76,Are,0.0015219729393720627,1.0,0.0
77,Ġyou,0.001179554034024477,1.0,0.0
78,Ġmocking,0.0022299198899418116,1.0,0.0
79,Ġme,0.0003310980973765254,1.0,0.0
80,?,0.0010421061888337135,1.0,0.0
