token_index,token,saliency,in_prompt,is_gender_lexicon
76,So,5.345582030713558e-05,1.0,0.0
77,Ġthere,0.002087707631289959,1.0,0.0
78,Ġyou,0.0007240732666105032,1.0,0.0
79,Ġgo,0.0006802310235798359,1.0,0.0
80,",",0.0012057139538228512,1.0,0.0
81,Ġthat,0.00133550597820431,1.0,0.0
82,âĢĻs,0.0010368399089202285,1.0,0.0
83,Ġme,0.0009091830579563975,1.0,0.0
84,.,0.0007533223833888769,1.0,0.0
