token_index,token,saliency,in_prompt,is_gender_lexicon
76,Like,0.00039932026993483305,1.0,0.0
77,-like,0.002957594580948353,1.0,0.0
78,Ġum,0.0008075251244008541,1.0,0.0
79,m,0.002465725876390934,1.0,0.0
80,",",0.0006457814015448093,1.0,0.0
81,Ġregular,0.0009016790427267551,1.0,0.0
82,Ġcoffee,0.000481816241517663,1.0,0.0
83,",",0.005903623532503843,1.0,0.0
84,ĠTe,0.0013152570463716984,1.0,0.0
85,quila,0.0006714863702654839,1.0,0.0
86,.,0.0026730354875326157,1.0,0.0
