token_index,token,saliency,in_prompt,is_gender_lexicon
76,Hi,0.029896588996052742,1.0,0.0
77,!,0.001470956951379776,1.0,0.0
