token_index,token,saliency,in_prompt,is_gender_lexicon
76,That,9.350126492790878e-05,1.0,0.0
77,Ġbitch,0.0005634890403598547,1.0,0.0
78,!,0.00021868484327569604,1.0,0.0
