token_index,token,saliency,in_prompt,is_gender_lexicon
76,U,0.0056808628141880035,1.0,0.0
77,gh,0.014885763637721539,1.0,0.0
78,",",0.004519930109381676,1.0,0.0
79,Ġcan,0.004688555374741554,1.0,0.0
80,Ġyou,0.00467335432767868,1.0,0.0
81,Ġbelieve,0.04668986052274704,1.0,0.0
82,Ġthat,0.010506140999495983,1.0,0.0
83,Ġguy,0.00738848652690649,1.0,1.0
84,!,0.004495535045862198,1.0,0.0
