token_index,token,saliency,in_prompt,is_gender_lexicon
76,Les,0.009232915937900543,1.0,0.0
77,lie,0.0011553000658750534,1.0,0.0
78,",",0.06209345534443855,1.0,0.0
79,Ġnow,0.008162947371602058,1.0,0.0
80,Ġwould,0.004031618125736713,1.0,0.0
81,Ġbe,0.002125027123838663,1.0,0.0
82,Ġa,0.013124406337738037,1.0,0.0
