token_index,token,saliency,in_prompt,is_gender_lexicon
76,Oh,0.002782379277050495,1.0,0.0
77,Ġyeah,0.00012322422116994858,1.0,0.0
78,!,0.003404919058084488,1.0,0.0
