token_index,token,saliency,in_prompt,is_gender_lexicon
76,It,0.006406533531844616,1.0,0.0
77,âĢĻs,0.013630478642880917,1.0,0.0
78,Ġkind,0.0044359187595546246,1.0,0.0
79,Ġof,0.025334786623716354,1.0,0.0
80,Ġembarrassing,0.003535754978656769,1.0,0.0
81,.,0.008082197979092598,1.0,0.0
