token_index,token,saliency,in_prompt,is_gender_lexicon
76,Can,0.011916174553334713,1.0,0.0
77,Ġwe,0.014720617793500423,1.0,0.0
78,Ġplease,0.008883095346391201,1.0,0.0
79,Ġturn,0.002974148839712143,1.0,0.0
80,Ġthis,0.0023542651906609535,1.0,0.0
81,Ġoff,0.03250590339303017,1.0,0.0
82,?,0.023748815059661865,1.0,0.0
