token_index,token,saliency,in_prompt,is_gender_lexicon
76,No,0.005658235400915146,1.0,0.0
77,.,0.006792854517698288,1.0,0.0
78,ĠNo,0.00260007381439209,1.0,0.0
79,-no,0.010009735822677612,1.0,0.0
80,.,0.008344009518623352,1.0,0.0
81,ĠNo,0.01021273247897625,1.0,0.0
82,.,0.009928028099238873,1.0,0.0
83,ĠWhat,0.002432393841445446,1.0,0.0
84,Ġwould,0.0003135576844215393,1.0,0.0
