token_index,token,saliency,in_prompt,is_gender_lexicon
76,Hey,0.007693970575928688,1.0,0.0
77,!,0.00225819181650877,1.0,0.0
