token_index,token,saliency,in_prompt,is_gender_lexicon
76,Thanks,0.014455880969762802,1.0,0.0
77,ĠMon,0.000888308510184288,1.0,0.0
78,!,0.004011454526335001,1.0,0.0
