token_index,token,saliency,in_prompt,is_gender_lexicon
76,Pat,0.007986797019839287,1.0,0.0
77,Ġthe,0.006312567740678787,1.0,0.0
78,Ġdog,0.0007140538655221462,1.0,0.0
79,.,0.01740184798836708,1.0,0.0
80,ĠOh,0.01248107198625803,1.0,0.0
81,!,0.009227128699421883,1.0,0.0
82,ĠOh,0.011388387531042099,1.0,0.0
83,!,0.006274186074733734,1.0,0.0
84,ĠI,0.0013087727129459381,1.0,0.0
85,Ġget,0.007878141477704048,1.0,0.0
86,Ġit,0.008366106078028679,1.0,0.0
87,!!,0.00537080317735672,1.0,0.0
