token_index,token,saliency,in_prompt,is_gender_lexicon
76,Really,0.0005646198987960815,1.0,0.0
77,?!,0.0024513709358870983,1.0,0.0
