token_index,token,saliency,in_prompt,is_gender_lexicon
76,O,0.00755607383325696,1.0,0.0
77,oh,0.0035746656358242035,1.0,0.0
78,",",0.0018179644830524921,1.0,0.0
79,Ġyou,0.0019909264519810677,1.0,0.0
80,Ġnailed,0.003071822226047516,1.0,0.0
81,Ġthe,0.0013414935674518347,1.0,0.0
82,ĠOld,0.0001417822204530239,1.0,0.0
83,ĠLady,0.0058835335075855255,1.0,1.0
84,!,0.004465432371944189,1.0,0.0
