token_index,token,saliency,in_prompt,is_gender_lexicon
76,Oh,0.0009283255785703659,1.0,0.0
77,h,0.007616291753947735,1.0,0.0
78,!,0.014049511402845383,1.0,0.0
