token_index,token,saliency,in_prompt,is_gender_lexicon
76,Jo,0.0007559293881058693,1.0,0.0
77,ey,0.0022471556439995766,1.0,0.0
78,!,0.00253196619451046,1.0,0.0
