token_index,token,saliency,in_prompt,is_gender_lexicon
76,Here,0.00017727675731293857,1.0,0.0
77,.,3.07704322040081e-05,1.0,0.0
78,ĠI,2.2676060325466096e-05,1.0,0.0
79,Ġneed,9.352091001346707e-05,1.0,0.0
80,Ġto,4.261807771399617e-05,1.0,0.0
81,Ġborrow,3.0375842470675707e-05,1.0,0.0
82,Ġsome,4.9544862122274935e-05,1.0,0.0
83,Ġmoistur,7.462513167411089e-06,1.0,0.0
84,izer,5.364703247323632e-05,1.0,0.0
85,.,2.7941714506596327e-05,1.0,0.0
