token_index,token,saliency,in_prompt,is_gender_lexicon
76,What,0.008985230699181557,1.0,0.0
77,Ġare,0.0019435444846749306,1.0,0.0
78,Ġyou,0.013181027956306934,1.0,0.0
79,Ġdoing,0.00287458673119545,1.0,0.0
80,?,0.004436289891600609,1.0,0.0
