token_index,token,saliency,in_prompt,is_gender_lexicon
76,I,0.0007776604616083205,1.0,0.0
77,âĢĻm,0.0012930252123624086,1.0,0.0
78,Ġsorry,0.0013512071454897523,1.0,0.0
79,ĠI,0.0004719951539300382,1.0,0.0
80,Ġgotta,0.002104470506310463,1.0,0.0
81,Ġcancel,0.0020829576533287764,1.0,0.0
82,Ġtonight,0.00031187967397272587,1.0,0.0
83,Ġbaby,0.00015028519555926323,1.0,0.0
