token_index,token,saliency,in_prompt,is_gender_lexicon
76,Oh,0.0013645067811012268,1.0,0.0
77,hh,0.00025298609398305416,1.0,0.0
78,-h,0.0035620112903416157,1.0,0.0
79,oo,0.004624617286026478,1.0,0.0
80,",",0.006627482827752829,1.0,0.0
81,Ġfunny,0.002736637368798256,1.0,0.0
82,Ġstory,0.0013630194589495659,1.0,0.0
83,!,4.621769767254591e-05,1.0,0.0
