token_index,token,saliency,in_prompt,is_gender_lexicon
76,Well,0.00013343045429792255,1.0,0.0
77,",",5.936979141552001e-05,1.0,0.0
78,Ġit,7.528520654886961e-05,1.0,0.0
79,Ġjust,0.0001432562858099118,1.0,0.0
80,Ġhurts,0.0004097142955288291,1.0,0.0
81,Ġso,0.00014805400860495865,1.0,0.0
82,Ġbad,0.0002260585897602141,1.0,0.0
83,.,6.766766091459431e-06,1.0,0.0
84,ĠI,6.434023816836998e-06,1.0,0.0
85,Ġuh,7.630405889358371e-05,1.0,0.0
