token_index,token,saliency,in_prompt,is_gender_lexicon
76,Yes,9.893812239170074e-05,1.0,0.0
77,",",0.0009481380693614483,1.0,0.0
78,ĠBunny,0.005691139958798885,1.0,0.0
79,?,0.00905937235802412,1.0,0.0
