token_index,token,saliency,in_prompt,is_gender_lexicon
76,M,0.0087791932746768,1.0,0.0
77,mmm,0.0067215971648693085,1.0,0.0
78,.,0.017737064510583878,1.0,0.0
79,ĠGood,0.008756797760725021,1.0,0.0
80,.,0.005182663910090923,1.0,0.0
