token_index,token,saliency,in_prompt,is_gender_lexicon
76,Ah,0.02334592491388321,1.0,0.0
77,",",0.012237489223480225,1.0,0.0
78,Ρ†I,0.007284123450517654,1.0,0.0
79,Ρ†fooled,0.06459759920835495,1.0,0.0
80,Ρ†around,0.008096272125840187,1.0,0.0
81,Ρ†with,0.009629792533814907,1.0,0.0
82,Ρ†Joey,0.013092180714011192,1.0,0.0
83,ΟΔΡΔΡΜs,0.019200153648853302,1.0,0.0
84,Ρ†sister,0.00788302905857563,1.0,1.0
85,.,0.027077212929725647,1.0,0.0
86,Ρ†,0.001872999593615532,1.0,0.0
87,Ρ†Well,0.015217069536447525,1.0,0.0
88,",",0.016653522849082947,1.0,0.0
89,Ρ†that,0.013241764158010483,1.0,0.0
90,ΟΔΡΔΡΜs,0.00220523402094841,1.0,0.0
91,Ρ†not,0.007025193888694048,1.0,0.0
92,Ρ†the,0.02773858793079853,1.0,0.0
93,Ρ†worst,0.003109447658061981,1.0,0.0
94,Ρ†part,0.0037360768765211105,1.0,0.0
95,.,0.011679345741868019,1.0,0.0
