token_index,token,saliency,in_prompt,is_gender_lexicon
76,Sure,0.02597006782889366,1.0,0.0
77,",",0.008699694648385048,1.0,0.0
78,Ġyour,0.00033096224069595337,1.0,0.0
79,Ġdresser,0.003065967932343483,1.0,0.0
80,Ġis,0.009804833680391312,1.0,0.0
81,Ġmissing,0.014700209721922874,1.0,0.0
82,Ġbut,0.0018090065568685532,1.0,0.0
83,Ġthis,0.011757881380617619,1.0,0.0
84,Ġshe,0.09435580670833588,1.0,1.0
85,Ġnotices,0.02430286630988121,1.0,0.0
86,.,0.005907408893108368,1.0,0.0
