token_index,token,saliency,in_prompt,is_gender_lexicon
76,No,0.005676584783941507,1.0,0.0
77,Ġway,0.0039689801633358,1.0,0.0
78,Ġare,0.00046304939314723015,1.0,0.0
79,Ġyou,0.0020936373621225357,1.0,0.0
80,Ġcool,0.0025895885191857815,1.0,0.0
81,Ġenough,0.009681740775704384,1.0,0.0
82,Ġto,0.00794653594493866,1.0,0.0
83,Ġpull,0.0012491056695580482,1.0,0.0
84,Ġof,0.035471320152282715,1.0,0.0
85,ĠClint,0.0014917785301804543,1.0,0.0
86,.,0.006586483679711819,1.0,0.0
