token_index,token,saliency,in_prompt,is_gender_lexicon
76,Why,0.011052400805056095,1.0,0.0
77,Ġare,0.01655532419681549,1.0,0.0
78,Ġthere,0.009308954700827599,1.0,0.0
79,Ġonly,0.006255295127630234,1.0,0.0
80,Ġtwo,0.024650350213050842,1.0,0.0
81,Ġof,0.03819262981414795,1.0,0.0
82,Ġyou,0.0588219091296196,1.0,0.0
83,?,0.012490062043070793,1.0,0.0
