token_index,token,saliency,in_prompt,is_gender_lexicon
76,Jan,0.0032325461506843567,1.0,0.0
77,ice,0.009275546297430992,1.0,0.0
78,!,0.01484372466802597,1.0,0.0
