token_index,token,saliency,in_prompt,is_gender_lexicon
76,I,0.00035163480788469315,1.0,0.0
77,Ġgot,0.0015263640088960528,1.0,0.0
78,Ġnew,0.0006518075242638588,1.0,0.0
79,Ġsheets,0.0013980171643197536,1.0,0.0
80,!,0.0009636827744543552,1.0,0.0
