token_index,token,saliency,in_prompt,is_gender_lexicon
76,Where,0.02456676959991455,1.0,0.0
77,'ve,0.03229379281401634,1.0,0.0
78,Ġyou,0.030023936182260513,1.0,0.0
79,Ġbeen,0.012511331588029861,1.0,0.0
80,?,0.020190615206956863,1.0,0.0
