token_index,token,saliency,in_prompt,is_gender_lexicon
76,What,0.00044367602095007896,1.0,0.0
77,?!,0.0005851780297234654,1.0,0.0
