token_index,token,saliency,in_prompt,is_gender_lexicon
76,Oh,0.006013817153871059,1.0,0.0
77,Ġyeah,0.01028495654463768,1.0,0.0
78,",",0.010411763563752174,1.0,0.0
79,Ġthat,0.0035257842391729355,1.0,0.0
80,'s,0.01136995293200016,1.0,0.0
81,Ġright,0.0027678143233060837,1.0,0.0
82,!,0.014618447981774807,1.0,0.0
