token_index,token,saliency,in_prompt,is_gender_lexicon
76,Try,0.03136547654867172,1.0,0.0
77,Ġtelling,0.0361400805413723,1.0,0.0
78,Ġmy,0.015018652193248272,1.0,0.0
79,Ġwife,0.010669241659343243,1.0,1.0
80,Ġthat,0.010461198166012764,1.0,0.0
81,.,0.06302132457494736,1.0,0.0
