token_index,token,saliency,in_prompt,is_gender_lexicon
76,Hey,0.031155090779066086,1.0,0.0
77,!,0.006274618208408356,1.0,0.0
