token_index,token,saliency,in_prompt,is_gender_lexicon
76,Who,0.011896971613168716,1.0,0.0
77,ΓΆΔΆΔ»s,0.005446022842079401,1.0,0.0
78,Δ that,0.017662258818745613,1.0,0.0
79,?,0.002614472061395645,1.0,0.0
