token_index,token,saliency,in_prompt,is_gender_lexicon
76,We,0.00014026829740032554,1.0,0.0
77,Ġdon,0.00017429038416594267,1.0,0.0
78,âĢĻt,0.001146933762356639,1.0,0.0
79,Ġknow,0.0016741077415645123,1.0,0.0
80,.,0.0024356404319405556,1.0,0.0
