token_index,token,saliency,in_prompt,is_gender_lexicon
76,Okay,0.007666015066206455,1.0,0.0
77,",",0.01596624031662941,1.0,0.0
78,ĠI,0.007972480729222298,1.0,0.0
79,âĢĻm,0.00886739045381546,1.0,0.0
80,Ġsorry,0.011693073436617851,1.0,0.0
81,.,0.00197526253759861,1.0,0.0
