token_index,token,saliency,in_prompt,is_gender_lexicon
76,Oh,0.008194515481591225,1.0,0.0
77,Ġmy,0.04147998243570328,1.0,0.0
78,Ġgood,0.004109954461455345,1.0,0.0
79,ĠGod,0.03607764095067978,1.0,0.0
80,.,0.003847395535558462,1.0,0.0
