token_index,token,saliency,in_prompt,is_gender_lexicon
76,Oh,8.841417729854584e-05,1.0,0.0
77,",",0.002086255233734846,1.0,0.0
78,Ġwhat,0.0017962942365556955,1.0,0.0
79,?,0.005264190025627613,1.0,0.0
80,ĠWhat,0.0006029690848663449,1.0,0.0
81,Ġwas,0.0003953117411583662,1.0,0.0
82,Ġit,0.0004615569196175784,1.0,0.0
83,?,0.0005681116599589586,1.0,0.0
