token_index,token,saliency,in_prompt,is_gender_lexicon
76,What,0.011182907968759537,1.0,0.0
77,âĢĻs,0.021756665781140327,1.0,0.0
78,Ġup,0.026720508933067322,1.0,0.0
79,Ġwith,0.034345291554927826,1.0,0.0
80,ĠGene,0.002431020140647888,1.0,0.0
81,?,0.01687566563487053,1.0,0.0
