token_index,token,saliency,in_prompt,is_gender_lexicon
76,That,0.002162129618227482,1.0,0.0
77,âĢĻs,7.626391015946865e-05,1.0,0.0
78,Ġnot,2.6145833544433117e-05,1.0,0.0
79,Ġtrue,0.0018107162322849035,1.0,0.0
80,!,0.003327358281239867,1.0,0.0
