token_index,token,saliency,in_prompt,is_gender_lexicon
76,I,0.007871201261878014,1.0,0.0
77,Ρ†mean,0.0033122366294264793,1.0,0.0
78,Ρ†there,0.003274892456829548,1.0,0.0
79,ΟΔΡΔΡΜs,0.009169088676571846,1.0,0.0
80,Ρ†no,0.010880347341299057,1.0,0.0
81,Ρ†way,0.005813870579004288,1.0,0.0
82,Ρ†Joey,0.010798834264278412,1.0,0.0
83,ΟΔΡΔΡΜs,0.011801278218626976,1.0,0.0
84,Ρ†gonna,0.0017521567642688751,1.0,0.0
85,Ρ†make,0.009098177775740623,1.0,0.0
86,Ρ†it,0.0118597112596035,1.0,0.0
87,Ρ†in,0.035263221710920334,1.0,0.0
88,Ρ†time,0.011562678962945938,1.0,0.0
89,.,0.012810848653316498,1.0,0.0
