token_index,token,saliency,in_prompt,is_gender_lexicon
76,At,0.0033560104202479124,1.0,0.0
77,Ġthe,0.001231880858540535,1.0,0.0
78,Ġvet,0.0019428879022598267,1.0,0.0
79,.,0.0009551483672112226,1.0,0.0
