token_index,token,saliency,in_prompt,is_gender_lexicon
76,Oh,0.0006720537785440683,1.0,0.0
77,ĠGod,0.0009099051239900291,1.0,0.0
78,",",0.0013932989677414298,1.0,0.0
79,ĠI,4.791031824424863e-05,1.0,0.0
80,âĢĻm,0.0009181725326925516,1.0,0.0
81,Ġso,0.0011850385926663876,1.0,0.0
82,Ġsorry,0.0018489870708435774,1.0,0.0
83,.,0.0008466197177767754,1.0,0.0
