token_index,token,saliency,in_prompt,is_gender_lexicon
76,Ross,0.01418515294790268,1.0,0.0
77,y,0.009250300005078316,1.0,0.0
78,",",0.008681032806634903,1.0,0.0
79,ĠRoss,0.0003020530566573143,1.0,0.0
80,y,0.009875507093966007,1.0,0.0
81,.,0.0010111466981470585,1.0,0.0
