token_index,token,saliency,in_prompt,is_gender_lexicon
76,Yeah,0.01904355362057686,1.0,0.0
77,",",0.033134154975414276,1.0,0.0
78,ĠI,0.014135375618934631,1.0,0.0
79,Ġknow,0.07403212785720825,1.0,0.0
80,.,0.027794182300567627,1.0,0.0
