token_index,token,saliency,in_prompt,is_gender_lexicon
76,C,0.003291396889835596,1.0,0.0
77,'m,0.00814054161310196,1.0,0.0
78,on,0.0005399221554398537,1.0,0.0
79,Ġup,0.0027484879828989506,1.0,0.0
80,.,0.0008169310167431831,1.0,0.0
