token_index,token,saliency,in_prompt,is_gender_lexicon
76,Well,0.01919257640838623,1.0,0.0
77,",",0.0030554013792425394,1.0,0.0
78,Ġhoney,0.00193850789219141,1.0,0.0
79,Ġthat,0.004414679482579231,1.0,0.0
80,Ġwas,0.0034782476723194122,1.0,0.0
81,Ġpretty,0.003413202241063118,1.0,0.0
82,Ġobvious,0.01902177184820175,1.0,0.0
83,.,0.005204156972467899,1.0,0.0
