token_index,token,saliency,in_prompt,is_gender_lexicon
76,What,0.004778287373483181,1.0,0.0
77,?!,0.00899751577526331,1.0,0.0
78,ĠYou,0.00420006737112999,1.0,0.0
79,Ġsaid,0.002530808560550213,1.0,0.0
80,Ġhe,0.00018373614875599742,1.0,1.0
81,Ġwas,0.0020079142414033413,1.0,0.0
82,Ġsweet,0.00043306569568812847,1.0,0.0
83,!,0.005045928526669741,1.0,0.0
