{
  "model": "Qwen/Qwen2.5-Omni-7B",
  "model_alias": "qwen25_omni7b_cf",
  "dataset": "MELD",
  "task": "MERC_CF",
  "audio_source": "original",
  "modalities": [
    "text",
    "audio",
    "video"
  ],
  "speaker_mode": "anon",
  "use_audio_in_video": false,
  "n_samples_evaluated": 2156,
  "skipped_failed_after_retries": 362,
  "missing_modality_stats": {
    "audio_missing": 0,
    "video_missing": 0
  },
  "overall": {
    "overall_accuracy": 0.5579777365491652,
    "weighted_f1": 0.553096337657959,
    "per_emotion": {
      "Anger": {
        "precision": 0.42748091603053434,
        "recall": 0.3696369636963696,
        "f1": 0.39646017699115044,
        "accuracy": 0.8418367346938775,
        "support": 303
      },
      "Disgust": {
        "precision": 0.20454545454545456,
        "recall": 0.4153846153846154,
        "f1": 0.2741116751269036,
        "accuracy": 0.9336734693877551,
        "support": 65
      },
      "Sadness": {
        "precision": 0.41317365269461076,
        "recall": 0.3988439306358382,
        "f1": 0.40588235294117647,
        "accuracy": 0.9063079777365491,
        "support": 173
      },
      "Joy": {
        "precision": 0.5899280575539568,
        "recall": 0.486646884272997,
        "f1": 0.5333333333333333,
        "accuracy": 0.8668831168831169,
        "support": 337
      },
      "Neutral": {
        "precision": 0.6408640864086409,
        "recall": 0.716297786720322,
        "f1": 0.6764845605700712,
        "accuracy": 0.6841372912801484,
        "support": 994
      },
      "Surprise": {
        "precision": 0.5918367346938775,
        "recall": 0.48739495798319327,
        "f1": 0.5345622119815667,
        "accuracy": 0.9063079777365491,
        "support": 238
      },
      "Fear": {
        "precision": 0.3,
        "recall": 0.06521739130434782,
        "f1": 0.10714285714285714,
        "accuracy": 0.9768089053803339,
        "support": 46
      }
    },
    "total_samples": 2156
  },
  "by_gender": {
    "female": {
      "overall_accuracy": 0.5498489425981873,
      "weighted_f1": 0.5470447536962145,
      "per_emotion": {
        "Anger": {
          "precision": 0.47058823529411764,
          "recall": 0.38095238095238093,
          "f1": 0.42105263157894735,
          "accuracy": 0.8449144008056395,
          "support": 147
        },
        "Disgust": {
          "precision": 0.208955223880597,
          "recall": 0.4375,
          "f1": 0.2828282828282829,
          "accuracy": 0.9284994964753273,
          "support": 32
        },
        "Sadness": {
          "precision": 0.40229885057471265,
          "recall": 0.39325842696629215,
          "f1": 0.39772727272727276,
          "accuracy": 0.8932527693856999,
          "support": 89
        },
        "Joy": {
          "precision": 0.6103896103896104,
          "recall": 0.5433526011560693,
          "f1": 0.5749235474006116,
          "accuracy": 0.8600201409869084,
          "support": 173
        },
        "Neutral": {
          "precision": 0.6143790849673203,
          "recall": 0.6778846153846154,
          "f1": 0.6445714285714286,
          "accuracy": 0.6868076535750252,
          "support": 416
        },
        "Surprise": {
          "precision": 0.6095238095238096,
          "recall": 0.5470085470085471,
          "f1": 0.5765765765765767,
          "accuracy": 0.905337361530715,
          "support": 117
        },
        "Fear": {
          "precision": 0.5,
          "recall": 0.05263157894736842,
          "f1": 0.09523809523809525,
          "accuracy": 0.9808660624370594,
          "support": 19
        }
      },
      "total_samples": 993
    },
    "male": {
      "overall_accuracy": 0.5649183147033534,
      "weighted_f1": 0.5574511275296492,
      "per_emotion": {
        "Anger": {
          "precision": 0.3916083916083916,
          "recall": 0.358974358974359,
          "f1": 0.3745819397993311,
          "accuracy": 0.8392089423903697,
          "support": 156
        },
        "Disgust": {
          "precision": 0.2,
          "recall": 0.3939393939393939,
          "f1": 0.2653061224489796,
          "accuracy": 0.938091143594153,
          "support": 33
        },
        "Sadness": {
          "precision": 0.425,
          "recall": 0.40476190476190477,
          "f1": 0.41463414634146345,
          "accuracy": 0.9174548581255374,
          "support": 84
        },
        "Joy": {
          "precision": 0.5645161290322581,
          "recall": 0.4268292682926829,
          "f1": 0.4861111111111111,
          "accuracy": 0.8727429062768701,
          "support": 164
        },
        "Neutral": {
          "precision": 0.6595092024539877,
          "recall": 0.7439446366782007,
          "f1": 0.6991869918699186,
          "accuracy": 0.6818572656921754,
          "support": 578
        },
        "Surprise": {
          "precision": 0.5714285714285714,
          "recall": 0.4297520661157025,
          "f1": 0.490566037735849,
          "accuracy": 0.9071367153912295,
          "support": 121
        },
        "Fear": {
          "precision": 0.25,
          "recall": 0.07407407407407407,
          "f1": 0.11428571428571428,
          "accuracy": 0.9733447979363714,
          "support": 27
        }
      },
      "total_samples": 1163
    }
  },
  "predicted_emotion_distribution": {
    "overall": {
      "total_samples": 2156,
      "emotions": {
        "Anger": {
          "count": 262,
          "ratio_percent": 12.152133580705009
        },
        "Disgust": {
          "count": 132,
          "ratio_percent": 6.122448979591836
        },
        "Sadness": {
          "count": 167,
          "ratio_percent": 7.74582560296846
        },
        "Joy": {
          "count": 278,
          "ratio_percent": 12.894248608534323
        },
        "Neutral": {
          "count": 1111,
          "ratio_percent": 51.53061224489796
        },
        "Surprise": {
          "count": 196,
          "ratio_percent": 9.090909090909092
        },
        "Fear": {
          "count": 10,
          "ratio_percent": 0.46382189239332094
        }
      }
    },
    "by_gender": {
      "female": {
        "total_samples": 993,
        "emotions": {
          "Anger": {
            "count": 119,
            "ratio_percent": 11.983887210473313
          },
          "Disgust": {
            "count": 67,
            "ratio_percent": 6.747230614300101
          },
          "Sadness": {
            "count": 87,
            "ratio_percent": 8.761329305135952
          },
          "Joy": {
            "count": 154,
            "ratio_percent": 15.508559919436053
          },
          "Neutral": {
            "count": 459,
            "ratio_percent": 46.22356495468278
          },
          "Surprise": {
            "count": 105,
            "ratio_percent": 10.574018126888218
          },
          "Fear": {
            "count": 2,
            "ratio_percent": 0.2014098690835851
          }
        }
      },
      "male": {
        "total_samples": 1163,
        "emotions": {
          "Anger": {
            "count": 143,
            "ratio_percent": 12.29578675838349
          },
          "Disgust": {
            "count": 65,
            "ratio_percent": 5.588993981083405
          },
          "Sadness": {
            "count": 80,
            "ratio_percent": 6.878761822871883
          },
          "Joy": {
            "count": 124,
            "ratio_percent": 10.662080825451419
          },
          "Neutral": {
            "count": 652,
            "ratio_percent": 56.06190885640585
          },
          "Surprise": {
            "count": 91,
            "ratio_percent": 7.824591573516767
          },
          "Fear": {
            "count": 8,
            "ratio_percent": 0.6878761822871883
          }
        }
      }
    }
  }
}