{
  "model": "Qwen/Qwen2.5-Omni-7B",
  "model_alias": "qwen25_omni7b",
  "dataset": "MELD",
  "task": "MERC",
  "inference_unit": "dialogue",
  "speaker_mode": "anon",
  "modalities": [
    "audio"
  ],
  "context_window_max": 3,
  "use_audio_in_video": true,
  "overall": {
    "overall_accuracy": 0.4853508095605243,
    "weighted_f1": 0.4065108858972443,
    "per_emotion": {
      "Anger": {
        "precision": 0.3623693379790941,
        "recall": 0.3023255813953488,
        "f1": 0.32963549920760693,
        "accuracy": 0.8369313801079414,
        "support": 344
      },
      "Disgust": {
        "precision": 0.2,
        "recall": 0.07352941176470588,
        "f1": 0.10752688172043011,
        "accuracy": 0.9680030840400925,
        "support": 68
      },
      "Sadness": {
        "precision": 0.25203252032520324,
        "recall": 0.14903846153846154,
        "f1": 0.18731117824773416,
        "accuracy": 0.8962991518889746,
        "support": 208
      },
      "Joy": {
        "precision": 0.4418604651162791,
        "recall": 0.04834605597964377,
        "f1": 0.0871559633027523,
        "accuracy": 0.8465690053970701,
        "support": 393
      },
      "Neutral": {
        "precision": 0.5247427731504165,
        "recall": 0.8568,
        "f1": 0.650865998176846,
        "accuracy": 0.5570547417116423,
        "support": 1250
      },
      "Surprise": {
        "precision": 0.39705882352941174,
        "recall": 0.09608540925266904,
        "f1": 0.15472779369627507,
        "accuracy": 0.8862760215882807,
        "support": 281
      },
      "Fear": {
        "precision": 0.2857142857142857,
        "recall": 0.04,
        "f1": 0.07017543859649124,
        "accuracy": 0.979568234387047,
        "support": 50
      }
    },
    "total_samples": 2594
  },
  "by_gender": {
    "male": {
      "overall_accuracy": 0.52,
      "weighted_f1": 0.4383150657158214,
      "per_emotion": {
        "Anger": {
          "precision": 0.2978723404255319,
          "recall": 0.23529411764705882,
          "f1": 0.2629107981220657,
          "accuracy": 0.843,
          "support": 119
        },
        "Disgust": {
          "precision": 0.0,
          "recall": 0.0,
          "f1": 0.0,
          "accuracy": 0.975,
          "support": 23
        },
        "Sadness": {
          "precision": 0.3793103448275862,
          "recall": 0.171875,
          "f1": 0.23655913978494625,
          "accuracy": 0.929,
          "support": 64
        },
        "Joy": {
          "precision": 0.38461538461538464,
          "recall": 0.03816793893129771,
          "f1": 0.06944444444444445,
          "accuracy": 0.866,
          "support": 131
        },
        "Neutral": {
          "precision": 0.5662211421628189,
          "recall": 0.8677839851024208,
          "f1": 0.6852941176470588,
          "accuracy": 0.572,
          "support": 537
        },
        "Surprise": {
          "precision": 0.2702702702702703,
          "recall": 0.09523809523809523,
          "f1": 0.1408450704225352,
          "accuracy": 0.878,
          "support": 105
        },
        "Fear": {
          "precision": 0.0,
          "recall": 0.0,
          "f1": 0.0,
          "accuracy": 0.977,
          "support": 21
        }
      },
      "total_samples": 1000
    },
    "female": {
      "overall_accuracy": 0.46361355081555833,
      "weighted_f1": 0.38698848528108204,
      "per_emotion": {
        "Anger": {
          "precision": 0.39378238341968913,
          "recall": 0.3377777777777778,
          "f1": 0.36363636363636365,
          "accuracy": 0.8331242158092849,
          "support": 225
        },
        "Disgust": {
          "precision": 0.21739130434782608,
          "recall": 0.1111111111111111,
          "f1": 0.14705882352941177,
          "accuracy": 0.9636135508155583,
          "support": 45
        },
        "Sadness": {
          "precision": 0.2127659574468085,
          "recall": 0.1388888888888889,
          "f1": 0.1680672268907563,
          "accuracy": 0.875784190715182,
          "support": 144
        },
        "Joy": {
          "precision": 0.4666666666666667,
          "recall": 0.05343511450381679,
          "f1": 0.09589041095890412,
          "accuracy": 0.8343789209535759,
          "support": 262
        },
        "Neutral": {
          "precision": 0.4967159277504105,
          "recall": 0.8485273492286115,
          "f1": 0.6266183324702228,
          "accuracy": 0.5476787954830615,
          "support": 713
        },
        "Surprise": {
          "precision": 0.5483870967741935,
          "recall": 0.09659090909090909,
          "f1": 0.1642512077294686,
          "accuracy": 0.8914680050188206,
          "support": 176
        },
        "Fear": {
          "precision": 0.4,
          "recall": 0.06896551724137931,
          "f1": 0.1176470588235294,
          "accuracy": 0.9811794228356336,
          "support": 29
        }
      },
      "total_samples": 1594
    }
  },
  "predicted_emotion_distribution": {
    "overall": {
      "total_samples": 2594,
      "emotions": {
        "Anger": {
          "count": 287,
          "ratio_percent": 11.063993831919815
        },
        "Disgust": {
          "count": 25,
          "ratio_percent": 0.9637625289128758
        },
        "Sadness": {
          "count": 123,
          "ratio_percent": 4.7417116422513494
        },
        "Joy": {
          "count": 43,
          "ratio_percent": 1.6576715497301464
        },
        "Neutral": {
          "count": 2041,
          "ratio_percent": 78.68157286044719
        },
        "Surprise": {
          "count": 68,
          "ratio_percent": 2.6214340786430226
        },
        "Fear": {
          "count": 7,
          "ratio_percent": 0.2698535080956077
        }
      }
    },
    "by_gender": {
      "male": {
        "total_samples": 1000,
        "emotions": {
          "Anger": {
            "count": 94,
            "ratio_percent": 9.4
          },
          "Disgust": {
            "count": 2,
            "ratio_percent": 0.2
          },
          "Sadness": {
            "count": 29,
            "ratio_percent": 2.9
          },
          "Joy": {
            "count": 13,
            "ratio_percent": 1.3
          },
          "Neutral": {
            "count": 823,
            "ratio_percent": 82.3
          },
          "Surprise": {
            "count": 37,
            "ratio_percent": 3.7
          },
          "Fear": {
            "count": 2,
            "ratio_percent": 0.20000000000000284
          }
        }
      },
      "female": {
        "total_samples": 1594,
        "emotions": {
          "Anger": {
            "count": 193,
            "ratio_percent": 12.107904642409034
          },
          "Disgust": {
            "count": 23,
            "ratio_percent": 1.4429109159347553
          },
          "Sadness": {
            "count": 94,
            "ratio_percent": 5.89711417816813
          },
          "Joy": {
            "count": 30,
            "ratio_percent": 1.8820577164366374
          },
          "Neutral": {
            "count": 1218,
            "ratio_percent": 76.41154328732748
          },
          "Surprise": {
            "count": 31,
            "ratio_percent": 1.944792973651192
          },
          "Fear": {
            "count": 5,
            "ratio_percent": 0.3136762860727771
          }
        }
      }
    }
  },
  "skipped_no_gender": 11,
  "skipped_failed_after_retries": 5,
  "missing_modality_stats": {
    "video_missing_or_unreadable": 0,
    "audio_missing_or_unreadable": 0
  }
}