{
  "model": "Qwen/Qwen2.5-Omni-7B",
  "model_alias": "qwen25_omni7b_cf",
  "dataset": "MELD",
  "task": "MERC_CF",
  "audio_source": "counterfactual",
  "modalities": [
    "text",
    "audio"
  ],
  "speaker_mode": "anon",
  "use_audio_in_video": false,
  "n_samples_evaluated": 2156,
  "skipped_failed_after_retries": 0,
  "missing_modality_stats": {
    "audio_missing": 0,
    "video_missing": 0
  },
  "overall": {
    "overall_accuracy": 0.5602968460111317,
    "weighted_f1": 0.577561912939189,
    "per_emotion": {
      "Anger": {
        "precision": 0.3879781420765027,
        "recall": 0.46864686468646866,
        "f1": 0.42451420029895365,
        "accuracy": 0.8214285714285714,
        "support": 303
      },
      "Disgust": {
        "precision": 0.15352697095435686,
        "recall": 0.5692307692307692,
        "f1": 0.24183006535947715,
        "accuracy": 0.8923933209647495,
        "support": 65
      },
      "Sadness": {
        "precision": 0.4411764705882353,
        "recall": 0.43352601156069365,
        "f1": 0.4373177842565598,
        "accuracy": 0.910482374768089,
        "support": 173
      },
      "Joy": {
        "precision": 0.6538461538461539,
        "recall": 0.5044510385756676,
        "f1": 0.5695142378559463,
        "accuracy": 0.8807977736549165,
        "support": 337
      },
      "Neutral": {
        "precision": 0.7375565610859729,
        "recall": 0.6559356136820925,
        "f1": 0.6943556975505857,
        "accuracy": 0.7337662337662337,
        "support": 994
      },
      "Surprise": {
        "precision": 0.5845410628019324,
        "recall": 0.5084033613445378,
        "f1": 0.5438202247191012,
        "accuracy": 0.9058441558441559,
        "support": 238
      },
      "Fear": {
        "precision": 0.39285714285714285,
        "recall": 0.2391304347826087,
        "f1": 0.2972972972972973,
        "accuracy": 0.9758812615955473,
        "support": 46
      }
    },
    "total_samples": 2156
  },
  "by_gender": {
    "female": {
      "overall_accuracy": 0.5448136958710977,
      "weighted_f1": 0.5625178782030312,
      "per_emotion": {
        "Anger": {
          "precision": 0.4028436018957346,
          "recall": 0.5782312925170068,
          "f1": 0.47486033519553067,
          "accuracy": 0.81067472306143,
          "support": 147
        },
        "Disgust": {
          "precision": 0.16216216216216217,
          "recall": 0.5625,
          "f1": 0.2517482517482518,
          "accuracy": 0.892245720040282,
          "support": 32
        },
        "Sadness": {
          "precision": 0.46835443037974683,
          "recall": 0.4157303370786517,
          "f1": 0.4404761904761905,
          "accuracy": 0.905337361530715,
          "support": 89
        },
        "Joy": {
          "precision": 0.6870229007633588,
          "recall": 0.5202312138728323,
          "f1": 0.5921052631578948,
          "accuracy": 0.8751258811681772,
          "support": 173
        },
        "Neutral": {
          "precision": 0.7250755287009063,
          "recall": 0.5769230769230769,
          "f1": 0.642570281124498,
          "accuracy": 0.7311178247734139,
          "support": 416
        },
        "Surprise": {
          "precision": 0.5546218487394958,
          "recall": 0.5641025641025641,
          "f1": 0.559322033898305,
          "accuracy": 0.8952668680765358,
          "support": 117
        },
        "Fear": {
          "precision": 0.45454545454545453,
          "recall": 0.2631578947368421,
          "f1": 0.3333333333333333,
          "accuracy": 0.9798590130916415,
          "support": 19
        }
      },
      "total_samples": 993
    },
    "male": {
      "overall_accuracy": 0.5735167669819432,
      "weighted_f1": 0.5873324824838244,
      "per_emotion": {
        "Anger": {
          "precision": 0.36774193548387096,
          "recall": 0.36538461538461536,
          "f1": 0.36655948553054657,
          "accuracy": 0.8306104901117799,
          "support": 156
        },
        "Disgust": {
          "precision": 0.14615384615384616,
          "recall": 0.5757575757575758,
          "f1": 0.23312883435582823,
          "accuracy": 0.8925193465176269,
          "support": 33
        },
        "Sadness": {
          "precision": 0.4175824175824176,
          "recall": 0.4523809523809524,
          "f1": 0.4342857142857143,
          "accuracy": 0.9148753224419605,
          "support": 84
        },
        "Joy": {
          "precision": 0.6201550387596899,
          "recall": 0.4878048780487805,
          "f1": 0.5460750853242321,
          "accuracy": 0.8856405846947549,
          "support": 164
        },
        "Neutral": {
          "precision": 0.7450271247739603,
          "recall": 0.71280276816609,
          "f1": 0.7285587975243148,
          "accuracy": 0.7360275150472915,
          "support": 578
        },
        "Surprise": {
          "precision": 0.625,
          "recall": 0.45454545454545453,
          "f1": 0.5263157894736842,
          "accuracy": 0.9148753224419605,
          "support": 121
        },
        "Fear": {
          "precision": 0.35294117647058826,
          "recall": 0.2222222222222222,
          "f1": 0.27272727272727276,
          "accuracy": 0.9724849527085124,
          "support": 27
        }
      },
      "total_samples": 1163
    }
  },
  "predicted_emotion_distribution": {
    "overall": {
      "total_samples": 2156,
      "emotions": {
        "Anger": {
          "count": 366,
          "ratio_percent": 16.975881261595546
        },
        "Disgust": {
          "count": 241,
          "ratio_percent": 11.178107606679035
        },
        "Sadness": {
          "count": 170,
          "ratio_percent": 7.884972170686456
        },
        "Joy": {
          "count": 260,
          "ratio_percent": 12.059369202226344
        },
        "Neutral": {
          "count": 884,
          "ratio_percent": 41.001855287569576
        },
        "Surprise": {
          "count": 207,
          "ratio_percent": 9.601113172541744
        },
        "Fear": {
          "count": 28,
          "ratio_percent": 1.2987012987012987
        }
      }
    },
    "by_gender": {
      "female": {
        "total_samples": 993,
        "emotions": {
          "Anger": {
            "count": 211,
            "ratio_percent": 21.248741188318228
          },
          "Disgust": {
            "count": 111,
            "ratio_percent": 11.178247734138973
          },
          "Sadness": {
            "count": 79,
            "ratio_percent": 7.955689828801611
          },
          "Joy": {
            "count": 131,
            "ratio_percent": 13.192346424974824
          },
          "Neutral": {
            "count": 331,
            "ratio_percent": 33.333333333333336
          },
          "Surprise": {
            "count": 119,
            "ratio_percent": 11.983887210473313
          },
          "Fear": {
            "count": 11,
            "ratio_percent": 1.107754279959718
          }
        }
      },
      "male": {
        "total_samples": 1163,
        "emotions": {
          "Anger": {
            "count": 155,
            "ratio_percent": 13.327601031814273
          },
          "Disgust": {
            "count": 130,
            "ratio_percent": 11.17798796216681
          },
          "Sadness": {
            "count": 91,
            "ratio_percent": 7.824591573516767
          },
          "Joy": {
            "count": 129,
            "ratio_percent": 11.092003439380912
          },
          "Neutral": {
            "count": 553,
            "ratio_percent": 47.54944110060189
          },
          "Surprise": {
            "count": 88,
            "ratio_percent": 7.566638005159072
          },
          "Fear": {
            "count": 17,
            "ratio_percent": 1.4617368873602752
          }
        }
      }
    }
  }
}