{
  "model": "Qwen/Qwen2.5-Omni-7B",
  "model_alias": "qwen25_omni7b",
  "dataset": "IEMOCAP",
  "modalities": [
    "text",
    "video"
  ],
  "frame_sample_fps": 1.0,
  "speaker_mode": "none",
  "labels": [
    "Neutral",
    "Anger",
    "Frustration",
    "Happiness",
    "Excited",
    "Sadness",
    "Fear"
  ],
  "skipped_failed": 50,
  "overall": {
    "overall_accuracy": 0.39215686274509803,
    "weighted_f1": 0.3499713364897468,
    "per_emotion": {
      "Neutral": {
        "precision": 0.38159675236806495,
        "recall": 0.734375,
        "f1": 0.5022261798753339,
        "accuracy": 0.6574754901960784,
        "support": 384
      },
      "Anger": {
        "precision": 0.34146341463414637,
        "recall": 0.4117647058823529,
        "f1": 0.37333333333333335,
        "accuracy": 0.8560049019607843,
        "support": 170
      },
      "Frustration": {
        "precision": 0.5228758169934641,
        "recall": 0.2099737532808399,
        "f1": 0.299625468164794,
        "accuracy": 0.7708333333333334,
        "support": 381
      },
      "Happiness": {
        "precision": 0.3114754098360656,
        "recall": 0.7972027972027972,
        "f1": 0.44793713163064836,
        "accuracy": 0.8278186274509803,
        "support": 143
      },
      "Excited": {
        "precision": 0.6756756756756757,
        "recall": 0.08361204013377926,
        "f1": 0.1488095238095238,
        "accuracy": 0.8247549019607843,
        "support": 299
      },
      "Sadness": {
        "precision": 0.5655737704918032,
        "recall": 0.2816326530612245,
        "f1": 0.3760217983651226,
        "accuracy": 0.8596813725490197,
        "support": 245
      },
      "Fear": {
        "precision": 0.0,
        "recall": 0.0,
        "f1": 0.0,
        "accuracy": 0.9877450980392157,
        "support": 10
      }
    },
    "total_samples": 1632
  },
  "by_gender": {
    "male": {
      "overall_accuracy": 0.3333333333333333,
      "weighted_f1": 0.2853201144510932,
      "per_emotion": {
        "Neutral": {
          "precision": 0.3071253071253071,
          "recall": 0.7668711656441718,
          "f1": 0.43859649122807015,
          "accuracy": 0.6334478808705613,
          "support": 163
        },
        "Anger": {
          "precision": 0.3125,
          "recall": 0.32608695652173914,
          "f1": 0.3191489361702128,
          "accuracy": 0.8533791523482245,
          "support": 92
        },
        "Frustration": {
          "precision": 0.4473684210526316,
          "recall": 0.15454545454545454,
          "f1": 0.22972972972972971,
          "accuracy": 0.738831615120275,
          "support": 220
        },
        "Happiness": {
          "precision": 0.2639593908629442,
          "recall": 0.7878787878787878,
          "f1": 0.39543726235741444,
          "accuracy": 0.8178694158075601,
          "support": 66
        },
        "Excited": {
          "precision": 0.7083333333333334,
          "recall": 0.07834101382488479,
          "f1": 0.14107883817427386,
          "accuracy": 0.7628865979381443,
          "support": 217
        },
        "Sadness": {
          "precision": 0.4782608695652174,
          "recall": 0.2920353982300885,
          "f1": 0.3626373626373626,
          "accuracy": 0.8671248568155785,
          "support": 113
        },
        "Fear": {
          "precision": 0.0,
          "recall": 0.0,
          "f1": 0.0,
          "accuracy": 0.993127147766323,
          "support": 2
        }
      },
      "total_samples": 873
    },
    "female": {
      "overall_accuracy": 0.4598155467720685,
      "weighted_f1": 0.42830991186657436,
      "per_emotion": {
        "Neutral": {
          "precision": 0.47289156626506024,
          "recall": 0.7104072398190046,
          "f1": 0.5678119349005425,
          "accuracy": 0.6851119894598156,
          "support": 221
        },
        "Anger": {
          "precision": 0.3669724770642202,
          "recall": 0.5128205128205128,
          "f1": 0.42780748663101603,
          "accuracy": 0.8590250329380764,
          "support": 78
        },
        "Frustration": {
          "precision": 0.5974025974025974,
          "recall": 0.2857142857142857,
          "f1": 0.38655462184873945,
          "accuracy": 0.8076416337285902,
          "support": 161
        },
        "Happiness": {
          "precision": 0.3668639053254438,
          "recall": 0.8051948051948052,
          "f1": 0.5040650406504065,
          "accuracy": 0.839262187088274,
          "support": 77
        },
        "Excited": {
          "precision": 0.6153846153846154,
          "recall": 0.0975609756097561,
          "f1": 0.16842105263157897,
          "accuracy": 0.8959156785243741,
          "support": 82
        },
        "Sadness": {
          "precision": 0.6792452830188679,
          "recall": 0.2727272727272727,
          "f1": 0.38918918918918916,
          "accuracy": 0.8511198945981555,
          "support": 132
        },
        "Fear": {
          "precision": 0.0,
          "recall": 0.0,
          "f1": 0.0,
          "accuracy": 0.9815546772068511,
          "support": 8
        }
      },
      "total_samples": 759
    }
  }
}