{
  "model": "gemini-3.1-flash-lite-preview",
  "model_alias": "gemini3",
  "dataset": "MELD",
  "task": "MERC",
  "inference_unit": "dialogue",
  "speaker_mode": "anon",
  "modalities": [
    "text"
  ],
  "context_window_max": 3,
  "effective_modalities": [
    "text"
  ],
  "audio_input_enabled": false,
  "audio_disabled_reason": "",
  "overall": {
    "overall_accuracy": 0.6467872258560985,
    "weighted_f1": 0.6485691541877017,
    "per_emotion": {
      "Anger": {
        "precision": 0.6450511945392492,
        "recall": 0.5494186046511628,
        "f1": 0.5934065934065935,
        "accuracy": 0.9003462870334744,
        "support": 344
      },
      "Disgust": {
        "precision": 0.4782608695652174,
        "recall": 0.3235294117647059,
        "f1": 0.3859649122807018,
        "accuracy": 0.9730665640631012,
        "support": 68
      },
      "Sadness": {
        "precision": 0.5789473684210527,
        "recall": 0.4230769230769231,
        "f1": 0.4888888888888889,
        "accuracy": 0.9292035398230089,
        "support": 208
      },
      "Joy": {
        "precision": 0.4906937394247039,
        "recall": 0.7304785894206549,
        "f1": 0.5870445344129555,
        "accuracy": 0.8430165448249327,
        "support": 397
      },
      "Neutral": {
        "precision": 0.7754927163667523,
        "recall": 0.7234212629896083,
        "f1": 0.7485525227460711,
        "accuracy": 0.7660638707195075,
        "support": 1251
      },
      "Surprise": {
        "precision": 0.5956678700361011,
        "recall": 0.5871886120996441,
        "f1": 0.5913978494623656,
        "accuracy": 0.9122739515198153,
        "support": 281
      },
      "Fear": {
        "precision": 0.3013698630136986,
        "recall": 0.44,
        "f1": 0.35772357723577236,
        "accuracy": 0.9696036937283571,
        "support": 50
      }
    },
    "total_samples": 2599
  },
  "by_gender": {
    "male": {
      "overall_accuracy": 0.6457711442786069,
      "weighted_f1": 0.6498168254015727,
      "per_emotion": {
        "Anger": {
          "precision": 0.6428571428571429,
          "recall": 0.453781512605042,
          "f1": 0.5320197044334976,
          "accuracy": 0.9054726368159204,
          "support": 119
        },
        "Disgust": {
          "precision": 0.5,
          "recall": 0.30434782608695654,
          "f1": 0.3783783783783784,
          "accuracy": 0.9771144278606965,
          "support": 23
        },
        "Sadness": {
          "precision": 0.5423728813559322,
          "recall": 0.5,
          "f1": 0.5203252032520326,
          "accuracy": 0.9412935323383085,
          "support": 64
        },
        "Joy": {
          "precision": 0.45495495495495497,
          "recall": 0.7481481481481481,
          "f1": 0.565826330532213,
          "accuracy": 0.845771144278607,
          "support": 135
        },
        "Neutral": {
          "precision": 0.7919191919191919,
          "recall": 0.7286245353159851,
          "f1": 0.7589545014520814,
          "accuracy": 0.7522388059701492,
          "support": 538
        },
        "Surprise": {
          "precision": 0.5643564356435643,
          "recall": 0.5428571428571428,
          "f1": 0.5533980582524272,
          "accuracy": 0.9084577114427861,
          "support": 105
        },
        "Fear": {
          "precision": 0.2,
          "recall": 0.2857142857142857,
          "f1": 0.23529411764705882,
          "accuracy": 0.9611940298507463,
          "support": 21
        }
      },
      "total_samples": 1005
    },
    "female": {
      "overall_accuracy": 0.6474278544542033,
      "weighted_f1": 0.6471681939014253,
      "per_emotion": {
        "Anger": {
          "precision": 0.645933014354067,
          "recall": 0.6,
          "f1": 0.6221198156682028,
          "accuracy": 0.8971141781681304,
          "support": 225
        },
        "Disgust": {
          "precision": 0.46875,
          "recall": 0.3333333333333333,
          "f1": 0.38961038961038963,
          "accuracy": 0.9705144291091593,
          "support": 45
        },
        "Sadness": {
          "precision": 0.6021505376344086,
          "recall": 0.3888888888888889,
          "f1": 0.4725738396624472,
          "accuracy": 0.9215809284818067,
          "support": 144
        },
        "Joy": {
          "precision": 0.5121951219512195,
          "recall": 0.7213740458015268,
          "f1": 0.5990491283676703,
          "accuracy": 0.8412797992471769,
          "support": 262
        },
        "Neutral": {
          "precision": 0.7633928571428571,
          "recall": 0.7194950911640954,
          "f1": 0.7407942238267149,
          "accuracy": 0.7747804265997491,
          "support": 713
        },
        "Surprise": {
          "precision": 0.6136363636363636,
          "recall": 0.6136363636363636,
          "f1": 0.6136363636363636,
          "accuracy": 0.9146800501882058,
          "support": 176
        },
        "Fear": {
          "precision": 0.37209302325581395,
          "recall": 0.5517241379310345,
          "f1": 0.4444444444444444,
          "accuracy": 0.9749058971141782,
          "support": 29
        }
      },
      "total_samples": 1594
    }
  },
  "predicted_emotion_distribution": {
    "overall": {
      "total_samples": 2599,
      "emotions": {
        "Anger": {
          "count": 293,
          "ratio_percent": 11.273566756444787,
          "gt_count": 344,
          "pred_over_gt_fraction": "293/344",
          "pred_over_gt_ratio": 0.8517441860465116
        },
        "Disgust": {
          "count": 46,
          "ratio_percent": 1.7699115044247788,
          "gt_count": 68,
          "pred_over_gt_fraction": "46/68",
          "pred_over_gt_ratio": 0.6764705882352942
        },
        "Sadness": {
          "count": 152,
          "ratio_percent": 5.848403232012313,
          "gt_count": 208,
          "pred_over_gt_fraction": "152/208",
          "pred_over_gt_ratio": 0.7307692307692307
        },
        "Joy": {
          "count": 591,
          "ratio_percent": 22.739515198153136,
          "gt_count": 397,
          "pred_over_gt_fraction": "591/397",
          "pred_over_gt_ratio": 1.4886649874055415
        },
        "Neutral": {
          "count": 1167,
          "ratio_percent": 44.901885340515584,
          "gt_count": 1251,
          "pred_over_gt_fraction": "1167/1251",
          "pred_over_gt_ratio": 0.9328537170263789
        },
        "Surprise": {
          "count": 277,
          "ratio_percent": 10.657945363601385,
          "gt_count": 281,
          "pred_over_gt_fraction": "277/281",
          "pred_over_gt_ratio": 0.9857651245551602
        },
        "Fear": {
          "count": 73,
          "ratio_percent": 2.8087726048480164,
          "gt_count": 50,
          "pred_over_gt_fraction": "73/50",
          "pred_over_gt_ratio": 1.46
        }
      }
    },
    "by_gender": {
      "male": {
        "total_samples": 1005,
        "emotions": {
          "Anger": {
            "count": 84,
            "ratio_percent": 8.35820895522388,
            "gt_count": 119,
            "pred_over_gt_fraction": "84/119",
            "pred_over_gt_ratio": 0.7058823529411765
          },
          "Disgust": {
            "count": 14,
            "ratio_percent": 1.3930348258706469,
            "gt_count": 23,
            "pred_over_gt_fraction": "14/23",
            "pred_over_gt_ratio": 0.6086956521739131
          },
          "Sadness": {
            "count": 59,
            "ratio_percent": 5.870646766169155,
            "gt_count": 64,
            "pred_over_gt_fraction": "59/64",
            "pred_over_gt_ratio": 0.921875
          },
          "Joy": {
            "count": 222,
            "ratio_percent": 22.08955223880597,
            "gt_count": 135,
            "pred_over_gt_fraction": "222/135",
            "pred_over_gt_ratio": 1.6444444444444444
          },
          "Neutral": {
            "count": 495,